{
    "primitive_func_times": [
        0.4439997673034668,
        0.437999963760376
    ],
    "filter_func_times": [
        0.5609986782073975,
        0.557999849319458
    ],
    "filter_lambda_func_times": [
        0.5529999732971191,
        0.5519998073577881
    ],
    "list_comp_func_times": [
        0.380018949508667,
        0.3714742660522461
    ],
    "generator_func_times": [
        0.5188918113708496,
        0.5270018577575684
    ]
}